-- phpMyAdmin SQL Dump
-- version 5.2.1
-- https://www.phpmyadmin.net/
--
-- Host: 127.0.0.1
-- Generation Time: Sep 24, 2025 at 08:49 PM
-- Server version: 10.4.32-MariaDB
-- PHP Version: 8.0.30

SET SQL_MODE = "NO_AUTO_VALUE_ON_ZERO";
START TRANSACTION;
SET time_zone = "+00:00";


/*!40101 SET @OLD_CHARACTER_SET_CLIENT=@@CHARACTER_SET_CLIENT */;
/*!40101 SET @OLD_CHARACTER_SET_RESULTS=@@CHARACTER_SET_RESULTS */;
/*!40101 SET @OLD_COLLATION_CONNECTION=@@COLLATION_CONNECTION */;
/*!40101 SET NAMES utf8mb4 */;

--
-- Database: `toybrigade`
--

-- --------------------------------------------------------

--
-- Table structure for table `admin`
--

CREATE TABLE `admin` (
  `adminID` int(11) NOT NULL,
  `fname` varchar(30) NOT NULL,
  `lname` varchar(30) NOT NULL,
  `username` varchar(50) DEFAULT NULL,
  `role` varchar(30) NOT NULL,
  `password` varchar(255) DEFAULT NULL
) ENGINE=InnoDB DEFAULT CHARSET=utf8mb4 COLLATE=utf8mb4_general_ci;

--
-- Dumping data for table `admin`
--

INSERT INTO `admin` (`adminID`, `fname`, `lname`, `username`, `role`, `password`) VALUES
(9, 'Billie', 'Jeans', 'admin@test.com', 'admin', '$2y$10$pQvRUiIpDJgMZfATBiX26.hbaUJu6zi5hSY5Y9wjXIyl8/Zw5ok6C');

-- --------------------------------------------------------

--
-- Table structure for table `cart`
--

CREATE TABLE `cart` (
  `id` int(11) NOT NULL,
  `customerID` int(11) NOT NULL,
  `productID` int(11) NOT NULL,
  `quantity` int(11) DEFAULT 1,
  `added_at` timestamp NOT NULL DEFAULT current_timestamp()
) ENGINE=InnoDB DEFAULT CHARSET=utf8mb4 COLLATE=utf8mb4_general_ci;

-- --------------------------------------------------------

--
-- Table structure for table `category`
--

CREATE TABLE `category` (
  `categoryID` int(11) NOT NULL,
  `categoryName` varchar(200) NOT NULL
) ENGINE=InnoDB DEFAULT CHARSET=utf8mb4 COLLATE=utf8mb4_general_ci;

--
-- Dumping data for table `category`
--

INSERT INTO `category` (`categoryID`, `categoryName`) VALUES
(1, 'Action Figures'),
(2, 'Board Games'),
(3, 'Science Kits'),
(4, 'Plush Toys'),
(5, 'Building Sets');

-- --------------------------------------------------------

--
-- Table structure for table `customer`
--

CREATE TABLE `customer` (
  `customerID` int(11) NOT NULL,
  `fname` varchar(30) NOT NULL,
  `lname` varchar(30) NOT NULL,
  `email` varchar(64) NOT NULL,
  `address` varchar(255) NOT NULL,
  `lytnumber` int(11) NOT NULL,
  `password` char(255) NOT NULL
) ENGINE=InnoDB DEFAULT CHARSET=utf8mb4 COLLATE=utf8mb4_general_ci;

--
-- Dumping data for table `customer`
--

INSERT INTO `customer` (`customerID`, `fname`, `lname`, `email`, `address`, `lytnumber`, `password`) VALUES
(1, 'Ace', 'Ukiyo', 'god@desire.com', 'Japan Surplus', 777555, '$2y$10$0VWI4rFxzH7g.C8ueNFlyOQ8kFmCVZhqWK.8cQk4z9nrw0aGwzPoi'),
(2, 'Azuma', 'Michinaga', 'buffa@desire.com', 'Umingan Pangasinan', 42069, '$2y$10$Cbfu/PzdKOGwoaUKqur5me0v1SQu4nvoi9wzJkjes9dlH5ujTSTnq');

-- --------------------------------------------------------

--
-- Table structure for table `orderitems`
--

CREATE TABLE `orderitems` (
  `orderItemID` int(11) NOT NULL,
  `orderID` int(11) NOT NULL,
  `productID` int(11) NOT NULL,
  `quantity` int(11) NOT NULL,
  `price` decimal(10,2) NOT NULL,
  `lineTotal` decimal(10,2) NOT NULL
) ENGINE=InnoDB DEFAULT CHARSET=utf8mb4 COLLATE=utf8mb4_general_ci;

--
-- Dumping data for table `orderitems`
--

INSERT INTO `orderitems` (`orderItemID`, `orderID`, `productID`, `quantity`, `price`, `lineTotal`) VALUES
(1, 1, 41, 1, 342.99, 342.99),
(2, 1, 42, 2, 2500.00, 5000.00),
(3, 1, 43, 1, 5400.00, 5400.00),
(4, 2, 43, 1, 5400.00, 5400.00),
(5, 2, 42, 1, 2500.00, 2500.00),
(6, 2, 41, 1, 342.99, 342.99),
(7, 3, 37, 1, 1499.99, 1499.99),
(8, 4, 42, 1, 2500.00, 2500.00);

-- --------------------------------------------------------

--
-- Table structure for table `orders`
--

CREATE TABLE `orders` (
  `orderID` int(11) NOT NULL,
  `customerID` int(11) NOT NULL,
  `fullname` varchar(255) NOT NULL,
  `email` varchar(255) NOT NULL,
  `phone` varchar(50) NOT NULL,
  `address` text NOT NULL,
  `total` decimal(10,2) NOT NULL,
  `status` varchar(50) DEFAULT 'Pending',
  `created_at` timestamp NOT NULL DEFAULT current_timestamp()
) ENGINE=InnoDB DEFAULT CHARSET=utf8mb4 COLLATE=utf8mb4_general_ci;

--
-- Dumping data for table `orders`
--

INSERT INTO `orders` (`orderID`, `customerID`, `fullname`, `email`, `phone`, `address`, `total`, `status`, `created_at`) VALUES
(1, 1, 'Kent Regel Guballa', 'god@desire.com', '092123', 'Morayta, Aurora', 10742.99, 'Pending', '2025-09-24 01:39:42'),
(2, 1, 'Kent Regel Guballa', 'god@desire.com', '092123', 'Quezon City', 8242.99, 'Pending', '2025-09-24 01:48:16'),
(3, 1, 'Ukiyo Ace', 'god@desire.com', '09995556942', 'Desire Grand Prix', 1499.99, 'Pending', '2025-09-24 18:03:32'),
(4, 1, 'Ukiyo Ace', 'god@desire.com', '09995556942', 'Grand Prix Desire', 2500.00, 'Pending', '2025-09-24 18:47:07');

-- --------------------------------------------------------

--
-- Table structure for table `products`
--

CREATE TABLE `products` (
  `productID` int(11) NOT NULL,
  `productName` varchar(200) NOT NULL,
  `price` decimal(10,2) NOT NULL,
  `stock` int(11) NOT NULL,
  `productDesc` text NOT NULL,
  `prodImage` varchar(255) NOT NULL,
  `status` tinyint(1) NOT NULL,
  `subcategoryID` int(11) NOT NULL
) ENGINE=InnoDB DEFAULT CHARSET=utf8mb4 COLLATE=utf8mb4_general_ci;

--
-- Dumping data for table `products`
--

INSERT INTO `products` (`productID`, `productName`, `price`, `stock`, `productDesc`, `prodImage`, `status`, `subcategoryID`) VALUES
(37, 'Superhero Action Figure', 1499.99, 53, 'Poseable superhero action figure', 'images/iron-man-figure.svg', 1, 1),
(38, 'Strategy Board Game', 299.99, 25, 'Family strategy board game', '', 0, 2),
(39, 'Science Kit', 800.99, 30, 'Educational science kit', '', 0, 3),
(40, 'Teddy Bear', 600.99, 40, 'Soft plush teddy bear', 'images/pup-toy-baby.svg', 0, 4),
(41, 'Building Blocks Set', 342.99, 20, '500-piece building blocks set', '1758639045_ShopBanner.png', 0, 5),
(42, 'Kent', 2500.00, 24, '', '', 0, 1),
(43, 'Avengers Iron Man Action Figure', 5400.00, 42, '', '', 0, 1);

-- --------------------------------------------------------

--
-- Table structure for table `subcategories`
--

CREATE TABLE `subcategories` (
  `subcategoryID` int(11) NOT NULL,
  `subcategoryName` varchar(255) NOT NULL,
  `categoryID` int(11) NOT NULL,
  `catDesc` varchar(500) NOT NULL
) ENGINE=InnoDB DEFAULT CHARSET=utf8mb4 COLLATE=utf8mb4_general_ci;

--
-- Dumping data for table `subcategories`
--

INSERT INTO `subcategories` (`subcategoryID`, `subcategoryName`, `categoryID`, `catDesc`) VALUES
(1, 'Action Figures', 1, ''),
(2, 'Board Games', 2, ''),
(3, 'Science Kits', 3, ''),
(4, 'Plush Toys', 4, ''),
(5, 'Building Sets', 5, '');

--
-- Indexes for dumped tables
--

--
-- Indexes for table `admin`
--
ALTER TABLE `admin`
  ADD PRIMARY KEY (`adminID`),
  ADD UNIQUE KEY `username` (`username`);

--
-- Indexes for table `cart`
--
ALTER TABLE `cart`
  ADD PRIMARY KEY (`id`),
  ADD KEY `customerID` (`customerID`),
  ADD KEY `productID` (`productID`);

--
-- Indexes for table `category`
--
ALTER TABLE `category`
  ADD PRIMARY KEY (`categoryID`);

--
-- Indexes for table `customer`
--
ALTER TABLE `customer`
  ADD PRIMARY KEY (`customerID`);

--
-- Indexes for table `orderitems`
--
ALTER TABLE `orderitems`
  ADD PRIMARY KEY (`orderItemID`),
  ADD KEY `orderID` (`orderID`),
  ADD KEY `productID` (`productID`);

--
-- Indexes for table `orders`
--
ALTER TABLE `orders`
  ADD PRIMARY KEY (`orderID`),
  ADD KEY `customerID` (`customerID`);

--
-- Indexes for table `products`
--
ALTER TABLE `products`
  ADD PRIMARY KEY (`productID`);

--
-- Indexes for table `subcategories`
--
ALTER TABLE `subcategories`
  ADD PRIMARY KEY (`subcategoryID`),
  ADD KEY `fk_subcategories_categoryID` (`categoryID`);

--
-- AUTO_INCREMENT for dumped tables
--

--
-- AUTO_INCREMENT for table `admin`
--
ALTER TABLE `admin`
  MODIFY `adminID` int(11) NOT NULL AUTO_INCREMENT, AUTO_INCREMENT=10;

--
-- AUTO_INCREMENT for table `cart`
--
ALTER TABLE `cart`
  MODIFY `id` int(11) NOT NULL AUTO_INCREMENT, AUTO_INCREMENT=13;

--
-- AUTO_INCREMENT for table `customer`
--
ALTER TABLE `customer`
  MODIFY `customerID` int(11) NOT NULL AUTO_INCREMENT, AUTO_INCREMENT=3;

--
-- AUTO_INCREMENT for table `orderitems`
--
ALTER TABLE `orderitems`
  MODIFY `orderItemID` int(11) NOT NULL AUTO_INCREMENT, AUTO_INCREMENT=9;

--
-- AUTO_INCREMENT for table `orders`
--
ALTER TABLE `orders`
  MODIFY `orderID` int(11) NOT NULL AUTO_INCREMENT, AUTO_INCREMENT=5;

--
-- AUTO_INCREMENT for table `products`
--
ALTER TABLE `products`
  MODIFY `productID` int(11) NOT NULL AUTO_INCREMENT, AUTO_INCREMENT=44;

--
-- AUTO_INCREMENT for table `subcategories`
--
ALTER TABLE `subcategories`
  MODIFY `subcategoryID` int(11) NOT NULL AUTO_INCREMENT, AUTO_INCREMENT=6;

--
-- Constraints for dumped tables
--

--
-- Constraints for table `cart`
--
ALTER TABLE `cart`
  ADD CONSTRAINT `cart_ibfk_1` FOREIGN KEY (`customerID`) REFERENCES `customer` (`customerID`),
  ADD CONSTRAINT `cart_ibfk_2` FOREIGN KEY (`productID`) REFERENCES `products` (`productID`);

--
-- Constraints for table `orderitems`
--
ALTER TABLE `orderitems`
  ADD CONSTRAINT `orderitems_ibfk_1` FOREIGN KEY (`orderID`) REFERENCES `orders` (`orderID`),
  ADD CONSTRAINT `orderitems_ibfk_2` FOREIGN KEY (`productID`) REFERENCES `products` (`productID`);

--
-- Constraints for table `orders`
--
ALTER TABLE `orders`
  ADD CONSTRAINT `orders_ibfk_1` FOREIGN KEY (`customerID`) REFERENCES `customer` (`customerID`);

--
-- Constraints for table `subcategories`
--
ALTER TABLE `subcategories`
  ADD CONSTRAINT `subcategories_ibfk_1` FOREIGN KEY (`categoryID`) REFERENCES `category` (`categoryID`) ON DELETE CASCADE ON UPDATE CASCADE;
COMMIT;

/*!40101 SET CHARACTER_SET_CLIENT=@OLD_CHARACTER_SET_CLIENT */;
/*!40101 SET CHARACTER_SET_RESULTS=@OLD_CHARACTER_SET_RESULTS */;
/*!40101 SET COLLATION_CONNECTION=@OLD_COLLATION_CONNECTION */;
